指标名称,2024中报,2024三季报,2024一季报,2023年报,2023中报,2023三季报,2023一季报,2022年报,2022中报,2022三季报,2022一季报,2021年报,2021中报,2021三季报,2021一季报,2020年报,2020中报,2020三季报,2020一季报,2019年报,2019中报,2019三季报,2019一季报,2018年报,2018中报,2018三季报,2018一季报,2017年报,2017中报,2017三季报,2017一季报,2016年报,2016中报,2016三季报,2016一季报,2015年报,2015中报,2015三季报,2015一季报,2014年报,2014中报,2014三季报,2014一季报,2013年报,2013中报,2013三季报,2013一季报,2012年报,2012中报,2012三季报,2012一季报,2011年报,2011中报,2011三季报,2011一季报,2010年报,2010中报,2010三季报,2010一季报,2009年报,2009中报,2009三季报,2009一季报,2008年报,2008中报,2008三季报,2008一季报,2007年报,2007中报,2007三季报,2007一季报,2006年报,2006中报,2006三季报,2006一季报,2005年报,2005中报,2005三季报,2005一季报,2004年报,2004中报,2004三季报,2004一季报,2003年报,2003中报,2003三季报,2003一季报,2002年报,2002中报,2001年报,2001中报,2000年报
Unnamed: 0,0.0,0.0,0.0,0.0,0.0,0.0,0.0,0.0,0.0,0.0,0.0,0.0,0.0,0.0,0.0,0.0,0.0,0.0,0.0,0.0,0.0,0.0,0.0,0.0,0.0,0.0,0.0,0.0,0.0,0.0,0.0,0.0,0.0,0.0,0.0,0.0,0.0,0.0,0.0,0.0,0.0,0.0,0.0,0.0,0.0,0.0,0.0,0.0,0.0,0.0,0.0,0.0,0.0,0.0,0.0,0.0,0.0,0.0,0.0,0.0,0.0,0.0,0.0,0.0,0.0,0.0,0.0,0.0,0.0,0.0,0.0,0.0,0.0,0.0,0.0,0.0,0.0,0.0,0.0,0.0,0.0,0.0,0.0,0.0,0.0,0.0,0.0,0.0,0.0,0.0,0.0,0.0
SALES_SERVICES,870.94,1296.85,462.57,1637.0,690.73,1112.54,357.63,1406.92,611.57,960.28,314.88,1193.21,502.7,794.3,223.01,1070.24,464.46,713.49,218.66,949.8,433.29,661.68,227.58,842.69,346.11,576.19,193.66,644.21,281.52,489.01,173.91,610.13,257.5,463.86,154.91,370.83,169.85,244.77,102.55,333.85,140.59,220.44,72.38,332.34,119.6,222.8,61.61,289.12,125.36,198.27,57.66,236.59,115.46,180.24,65.44,149.39,63.6,107.39,30.74,117.56,41.99,74.6,18.71,112.75,45.69,74.06,25.6,74.38,33.83,52.98,19.62,61.62,27.42,44.61,16.16,49.77,20.76,33.19,12.61,36.46,14.6,24.71,8.25,30.58,11.53,20.81,6.27,22.89,10.2,18.0,,13.23
DEPOSIT_INTERBANK_ADD,114.9,3.94,-36.54,-8.1,-35.9,-33.61,-50.13,-89.16,-50.26,-133.75,-98.65,75.11,93.39,74.93,9.19,31.89,-14.06,-6.64,-30.13,-4.37,120.93,-7.77,-2.08,10.1,25.33,82.3,-18.1,-3.16,-19.9,11.2,-2.33,48.11,17.12,65.13,9.91,20.11,-9.07,24.1,-11.22,11.83,13.77,13.05,-3.02,27.73,32.22,32.13,,,,,,,,,,,,,,,,,,,,,,,,,,,,,,,,,,,,,,,,,,,,,,
LOAN_PBC_ADD,,,,,,,,,,,,,,,,,,,,,,,,,,,,,,,,,,,,,,,,,,,,,,,,,,,,,,,,,,,,,,,,,,,,,,,,,,,,,,,,,,,,,,,,,,,,
OFI_BF_ADD,,,,,,,,,,,,,,,,,,,,,,,,,,,,,,,,,,,,,,,,,,,,,,,,,,,,,,,,,,,,,,,,,,,,,,,,,,,,,,,,,,,,,,,,,,,,
RECEIVE_ORIGIC_PREMIUM,,,,,,,,,,,,,,,,,,,,,,,,,,,,,,,,,,,,,,,,,,,,,,,,,,,,,,,,,,,,,,,,,,,,,,,,,,,,,,,,,,,,,,,,,,,,
RECEIVE_REINSURE_NET,,,,,,,,,,,,,,,,,,,,,,,,,,,,,,,,,,,,,,,,,,,,,,,,,,,,,,,,,,,,,,,,,,,,,,,,,,,,,,,,,,,,,,,,,,,,
INSURED_INVEST_ADD,,,,,,,,,,,,,,,,,,,,,,,,,,,,,,,,,,,,,,,,,,,,,,,,,,,,,,,,,,,,,,,,,,,,,,,,,,,,,,,,,,,,,,,,,,,,
DISPOSAL_TFA_ADD,,,,,,,,,,,,,,,,,,,,,,,,,,,,,,,,,,,,,,,,,,,,,,,,,,,,,,,,,,,,,,,,,,,,,,,,,,,,,,,,,,,,,,,,,,,,
RECEIVE_INTEREST_COMMISSION,13.97,21.82,7.15,30.19,17.63,23.35,8.55,32.48,18.0,24.95,8.54,31.46,13.55,20.53,6.15,30.76,14.61,22.19,7.15,36.68,16.42,28.38,7.96,34.45,17.11,25.83,3.39,27.22,12.58,19.02,5.17,12.66,5.73,8.76,2.21,7.66,3.75,5.27,1.99,6.2,2.82,4.47,0.93,1.21,0.08,0.56,,,,,,,,,,,,,,,,,,,,,,,,,,,,,,,,,,,,,,,,,,,,,,
BORROW_FUND_ADD,,,,,,,,,,,,,,,,,,,,,,,,,,,,,,,,,,,,,,,,,,,,,,,,,,,,,,,,,,,,,,,,,,,,,,,,,,,,,,,,,,,,,,,,,,,,
LOAN_ADVANCE_REDUCE,,,,,,,,,,,,,,,,,,,,,,,,,,,,,,,,,,,,,,,0.0,0.0,0.0,0.0,0.0,0.0,0.0,0.0,,,,,,,,,,,,,,,,,,,,,,,,,,,,,,,,,,,,,,,,,,,,,,
REPO_BUSINESS_ADD,,,,,,,,,,,,,,,,,,,,,,,,,,,,,,,,,,,,,,,,,,,,,,,,,,,,,,,,,,,,,,,,,,,,,,,,,,,,,,,,,,,,,,,,,,,,
RECEIVE_TAX_REFUND,0.03,0.03,,0.02,0.02,0.02,,0.33,,,,,,,,,,,,,,,,,,,,,,,,,,,,,,,,,,,,,,,,,,,,,,,,0.0,0.0,0.0,,,,,,,,,,,0.03,0.03,,,0.0,0.0,,0.51,0.01,0.01,0.0,1.23,0.0,,,0.81,,0.01,,0.07,,0.02,,0.05
RECEIVE_OTHER_OPERATE,22.59,23.74,12.28,23.46,15.42,22.82,3.48,27.59,17.23,18.98,9.35,16.44,12.16,14.61,2.07,2.21,0.87,1.27,0.5,12.34,11.87,12.19,1.05,6.22,4.89,5.94,5.07,5.42,4.33,5.79,2.6,1.89,0.4,0.51,0.26,1.54,0.62,1.37,0.26,3.0,2.42,3.22,1.95,5.85,2.82,3.92,2.16,3.88,1.92,2.67,1.68,1.82,0.77,0.98,0.58,1.38,0.52,0.64,0.48,1.86,1.04,1.07,0.93,2.42,1.91,2.12,1.7,0.96,0.48,0.49,0.36,0.43,0.41,0.28,0.03,0.16,0.15,0.18,0.09,0.48,0.13,0.24,0.08,0.45,0.09,0.3,0.02,0.32,0.11,0.44,,0.03
OPERATE_INFLOW_OTHER,,,,,,,,,,,,,,,,,,,,,,,,,0.0,0.0,0.0,0.0,0.0,0.0,0.0,0.0,,,,,,,0.0,0.0,0.0,0.0,0.0,0.0,0.0,0.0,,0.0,,,,0.0,,,,,,,,,,,,,,,,,,,,,,,,,,,,,,,,,,,,,,,,
OPERATE_INFLOW_BALANCE,0.0,0.0,0.0,0.0,0.0,0.0,0.0,0.0,0.0,0.0,0.0,0.0,0.0,0.0,0.0,0.0,0.0,0.0,0.0,0.0,0.0,0.0,0.0,0.0,0.0,0.0,0.0,0.0,0.0,0.0,0.0,0.0,0.0,0.0,0.0,0.0,0.0,0.0,0.0,0.0,0.0,0.0,0.0,0.0,0.0,0.0,0.0,0.0,0.0,0.0,0.0,0.0,0.0,0.0,0.0,,,,,,,,,,,,,,,,,,,,,0.0,0.0,0.0,0.0,0.0,0.0,0.0,,,0.0,0.0,0.0,0.0,0.0,0.0,,0.0
TOTAL_OPERATE_INFLOW,1022.42,1346.38,445.46,1682.56,687.89,1125.1,319.54,1378.16,596.54,870.46,234.13,1316.21,621.8,904.37,240.42,1135.11,465.89,730.3,196.18,994.44,582.52,694.48,234.51,893.46,393.45,690.27,184.02,673.69,278.54,525.02,179.35,672.79,280.74,538.26,167.28,400.14,165.15,275.51,93.59,354.88,159.6,241.18,72.24,367.13,154.73,259.4,63.77,293.0,127.27,200.94,59.35,238.41,116.23,181.22,66.02,150.77,64.12,108.03,31.22,119.42,43.02,75.66,19.64,115.18,47.6,76.18,27.3,75.33,34.34,53.5,19.98,62.04,27.83,44.89,16.19,50.43,20.92,33.37,12.7,38.17,14.74,24.95,8.33,31.84,11.62,21.12,6.29,23.28,10.31,18.47,,13.31
BUY_SERVICES,49.6,81.49,15.16,110.29,60.74,78.32,29.1,83.58,45.33,65.61,26.56,77.46,42.77,63.68,22.32,72.31,33.83,55.63,15.45,55.22,27.91,40.91,17.66,52.99,22.77,36.76,13.41,48.76,21.46,33.86,13.4,27.73,13.04,16.9,8.74,29.68,16.4,23.03,10.21,28.38,14.56,20.53,9.31,31.52,12.5,19.71,7.13,27.07,10.78,15.87,4.95,23.54,10.31,14.82,6.56,16.7,6.82,10.66,3.52,15.57,5.68,9.22,2.96,12.15,5.3,7.94,2.82,10.98,5.67,7.77,3.12,8.07,3.87,5.16,2.42,9.51,3.75,3.93,1.43,8.64,3.46,5.73,2.58,6.39,3.13,4.13,0.89,6.24,3.83,5.95,,2.95
LOAN_ADVANCE_ADD,7.05,4.64,4.87,-20.52,-21.62,-18.47,1.15,7.24,0.61,0.27,0.64,4.84,-5.06,4.94,-0.08,29.79,29.93,29.6,0.03,0.13,-0.07,0.03,-0.0,0.03,0.1,0.1,-0.08,-0.28,1.68,-0.32,1.87,0.42,-1.56,1.54,1.2,-0.12,,-0.1,,-0.6,-0.91,-0.81,-0.75,0.91,,0.25,,,,,,,,,,,,,,,,,,,,,,,,,,,,,,,,,,,,,,,,,,,,,,
PBC_INTERBANK_ADD,71.97,51.55,34.86,15.7,-102.95,-112.36,-20.93,130.38,112.48,104.53,28.06,5.59,29.93,-0.35,24.46,-25.06,-27.23,-36.55,-26.53,-45.03,-0.35,-49.33,-9.61,9.21,-73.79,21.49,-48.71,87.27,5.47,8.28,-1.18,23.4,9.44,15.94,9.76,-8.48,-10.71,-12.54,-4.74,-5.02,-2.75,-10.94,0.9,31.93,1.7,18.86,,,,,,,,,,,,,,,,,,,,,,,,,,,,,,,,,,,,,,,,,,,,,,
PAY_ORIGIC_COMPENSATE,,,,,,,,,,,,,,,,,,,,,,,,,,,,,,,,,,,,,,,,,,,,,,,,,,,,,,,,,,,,,,,,,,,,,,,,,,,,,,,,,,,,,,,,,,,,
PAY_INTEREST_COMMISSION,0.27,0.66,0.19,1.43,0.44,0.64,0.12,0.79,0.51,0.66,0.18,1.63,0.2,0.43,0.12,1.07,0.3,0.37,0.24,1.75,0.62,1.42,0.43,1.17,0.42,0.86,0.34,1.46,0.64,1.18,0.28,1.16,0.37,0.81,0.32,0.62,0.09,0.52,0.07,0.72,0.23,0.64,0.18,0.08,0.0,0.02,,,,,,,,,,,,,,,,,,,,,,,,,,,,,,,,,,,,,,,,,,,,,,
PAY_POLICY_BONUS,,,,,,,,,,,,,,,,,,,,,,,,,,,,,,,,,,,,,,,,,,,,,,,,,,,,,,,,,,,,,,,,,,,,,,,,,,,,,,,,,,,,,,,,,,,,
PAY_STAFF_CASH,100.32,126.69,72.0,138.45,90.0,111.36,63.55,117.52,73.36,94.55,54.32,100.61,61.85,80.0,42.7,81.62,51.69,66.05,36.63,76.7,45.77,60.01,32.32,66.53,39.72,51.16,23.6,54.9,34.05,44.11,23.74,46.74,26.99,37.02,16.17,45.37,26.19,34.92,16.69,33.94,16.47,26.14,9.27,31.36,12.12,17.95,5.19,29.54,14.26,18.19,9.59,19.26,9.94,13.75,5.43,14.93,8.27,10.92,5.29,12.29,6.55,8.99,4.61,8.09,3.92,5.58,2.32,6.23,3.09,4.25,1.85,4.05,1.78,2.56,1.28,2.51,1.27,1.67,0.88,1.6,1.0,1.22,0.32,2.06,0.77,1.16,0.43,1.07,0.65,0.93,,0.55
PAY_ALL_TAX,389.82,567.21,207.27,666.83,328.76,490.77,171.81,620.43,341.05,481.92,185.04,446.1,261.75,365.56,155.59,416.23,232.26,332.19,134.14,398.41,244.0,325.42,172.77,320.32,215.1,275.79,140.32,230.66,132.84,190.6,74.77,175.11,88.63,129.17,51.71,140.03,74.49,101.36,43.66,144.96,75.47,109.2,43.85,125.33,63.78,94.09,35.87,101.71,51.5,78.73,27.49,82.86,38.27,55.39,17.77,48.86,27.75,40.41,12.33,41.6,21.53,30.89,11.43,36.67,20.45,27.59,10.28,36.03,16.57,23.18,9.81,23.9,13.67,18.49,8.58,16.01,8.87,12.45,5.33,12.98,8.03,10.88,5.74,9.86,6.52,8.79,3.96,7.54,5.83,7.02,,3.72
PAY_OTHER_OPERATE,40.17,69.92,24.23,79.44,28.66,49.82,22.3,51.23,23.32,28.87,8.09,43.69,13.85,24.89,10.17,40.47,16.9,29.91,11.2,53.15,23.77,42.87,9.05,29.36,11.78,21.88,5.78,29.4,13.05,19.45,5.38,23.71,7.79,11.53,5.02,18.67,9.66,14.07,6.59,26.17,13.64,19.64,7.74,19.44,12.47,16.08,7.68,15.47,6.14,12.53,3.92,11.27,4.43,6.98,2.15,8.27,3.61,6.4,1.83,7.71,3.78,5.79,1.94,5.79,2.98,4.37,1.96,4.66,2.15,2.82,1.4,4.89,2.56,3.77,1.67,5.47,2.65,6.48,2.64,5.19,2.62,3.4,1.5,4.12,1.53,2.65,0.92,4.1,1.81,4.14,,1.61
OPERATE_OUTFLOW_OTHER,-3.0,,-5.0,25.0,,25.0,,,,,,-4.0,-0.7,-2.3,,2.0,2.0,2.0,2.0,2.0,,,,,0.0,0.0,0.0,0.0,0.0,0.0,0.0,0.0,,,,,,,0.0,0.0,0.0,0.0,0.0,0.0,0.0,0.0,,0.0,,,,0.0,,,,,,,,,,,,,,,,,,,,,,,,,,,,,,,,,,,,,,,,
OPERATE_OUTFLOW_BALANCE,0.0,0.0,0.0,0.0,0.0,0.0,0.0,0.0,0.0,0.0,0.0,0.0,0.0,0.0,0.0,0.0,0.0,0.0,0.0,0.0,0.0,0.0,0.0,0.0,0.0,0.0,0.0,0.0,0.0,0.0,0.0,0.0,0.0,0.0,0.0,0.0,0.0,0.0,0.0,0.0,0.0,0.0,0.0,0.0,0.0,0.0,0.0,0.0,0.0,0.0,0.0,0.0,0.0,0.0,0.0,,,,,,,,,,,,,,,,,,,,,0.0,0.0,0.0,0.0,0.0,0.0,0.0,,,0.0,0.0,0.0,0.0,0.0,0.0,,0.05
TOTAL_OPERATE_OUTFLOW,656.2,902.17,353.58,1016.63,384.02,625.08,267.09,1011.17,596.65,776.41,302.89,675.92,404.61,536.85,255.27,618.42,339.68,479.19,173.15,542.34,341.65,421.32,222.62,479.6,216.1,408.05,134.67,452.16,209.19,297.16,118.26,298.28,144.7,212.91,92.92,225.78,116.13,161.28,72.47,228.55,116.71,164.39,70.5,240.58,102.58,166.95,55.87,173.79,82.68,125.33,45.95,136.92,62.95,90.95,31.91,88.75,46.46,68.39,22.97,77.18,37.54,54.89,20.95,62.7,32.65,45.49,17.37,57.9,27.48,38.02,16.17,40.92,21.87,29.98,13.95,33.5,16.55,24.54,10.27,28.42,15.12,21.23,10.15,22.42,11.96,16.72,6.2,18.94,12.11,18.04,,8.88
OPERATE_NETCASH_OTHER,,,,,,,,,,,,,,,,,,,,,,,,,,,,,,,,,,,,,,,0.0,0.0,0.0,0.0,0.0,0.0,0.0,0.0,,,,,,,,,,,,,,,,,,,,,,,,,,,,,,,,,,,,,,,,,,,,,,
OPERATE_NETCASH_BALANCE,0.0,0.0,0.0,0.0,0.0,0.0,0.0,0.0,0.0,0.0,0.0,0.0,0.0,0.0,0.0,0.0,0.0,0.0,0.0,0.0,0.0,0.0,0.0,0.0,0.0,0.0,0.0,0.0,0.0,0.0,0.0,0.0,0.0,0.0,0.0,0.0,0.0,0.0,0.0,0.0,0.0,0.0,0.0,0.0,0.0,0.0,0.0,0.0,0.0,0.0,0.0,0.0,0.0,0.0,0.0,,,,,,,,,,,,,,,,,,,,,0.0,0.0,0.0,0.0,0.0,0.0,0.0,,,0.0,0.0,0.0,0.0,0.0,0.0,-0.86,0.0
NETCASH_OPERATE,366.22,444.21,91.87,665.93,303.87,500.02,52.45,366.99,-0.11,94.05,-68.76,640.29,217.19,367.52,-14.85,516.69,126.21,251.11,23.03,452.11,240.87,273.15,11.89,413.85,177.35,282.21,49.36,221.53,69.35,227.87,61.09,374.51,136.04,325.35,74.36,174.36,49.02,114.23,21.12,126.33,42.89,76.79,1.74,126.55,52.15,92.45,7.9,119.21,44.6,75.62,13.4,101.49,53.28,90.27,34.11,62.01,17.66,39.64,8.25,42.24,5.48,20.78,-1.31,52.47,14.96,30.69,9.93,17.43,6.86,15.48,3.81,21.13,5.95,14.91,2.25,16.94,4.37,8.84,2.42,9.76,-0.38,3.73,-1.81,9.42,-0.34,4.39,0.09,4.35,-1.8,0.42,-0.86,4.43
WITHDRAW_INVEST,26.0,62.0,,75.5,20.0,20.0,20.0,,,,,0.06,,,,3.15,,3.15,,,,,,,,,,,,,,,,,,0.6,0.1,0.6,0.1,0.05,,,,,,,,0.1,0.1,0.1,0.1,,,,,0.17,0.17,0.17,0.17,0.25,0.25,0.25,,0.21,0.21,0.21,0.21,,,,,,,,,,,,,,,,,,,,,,,,,
RECEIVE_INVEST_INCOME,0.31,0.68,0.27,1.41,1.28,1.29,1.28,0.06,,,,0.01,,,,,,,,,,,,,,,,,,,,,,,,0.04,0.03,0.04,0.0,0.03,0.03,0.03,,0.03,0.03,0.03,,0.04,0.04,0.04,0.01,0.03,0.03,0.03,,0.02,0.02,0.02,0.02,0.02,0.02,0.02,,0.02,0.02,0.02,0.02,,,,,,,,,,,,,,,,,,,,,,,,,
DISPOSAL_LONG_ASSET,0.0,0.0,0.0,0.25,0.01,0.01,0.0,0.0,0.0,0.0,0.0,0.02,,0.0,,0.0,,,,0.0,,,,,,,,0.0,,0.0,,0.0,0.0,0.0,0.0,0.09,,0.0,,0.1,0.01,0.01,0.0,,,,,0.0,,,,0.0,0.0,0.0,0.0,,,,0.0,,,,,0.0,,0.0,,,,,,0.0,,,,,,,,,,,,,,,,,,,,
DISPOSAL_SUBSIDIARY_OTHER,,,,,,,,,,,,,,,,,,,,,,,,,,,,,,,,,,,,,,,,,,,,,,,,,,,,,,,,,,,,,,,,,,,,,,,,,,,,,,,,,,,,,,,,,,,,
REDUCE_PLEDGE_TIMEDEPOSITS,,,,,,,,,,,,,,,,,,,,,,,,,,,,,,,,,,,,,,,,,,,,,,,,,,,,,,,,,,,,,,,,,,,,,,,,,,,,,,,,,,,,,,,,,,,,
RECEIVE_OTHER_INVEST,0.05,0.06,0.05,0.05,0.01,0.04,0.0,0.05,0.04,0.05,0.03,0.1,0.0,0.06,0.0,0.07,,,,0.07,0.04,0.07,0.01,0.11,0.01,0.08,0.0,0.21,0.17,0.18,0.13,0.06,0.04,0.05,0.02,0.33,0.26,0.32,0.05,1.07,1.05,1.05,0.88,7.56,5.42,6.41,4.08,3.4,1.47,1.87,,2.13,0.68,0.75,0.11,0.56,0.54,0.57,,,,,,,,,,,,,,,,,,,,,,,,,,,,,,,,,,
INVEST_INFLOW_OTHER,,,,,,,,,,,,,,,,,,,,,,,,,0.0,0.0,0.0,0.0,0.0,0.0,0.0,0.0,,,,,,,0.0,0.0,0.0,0.0,0.0,0.0,0.0,0.0,,0.0,,,,0.0,,,,,,,,,,,,,,,,,,,,,,,,,,,,,,,,,,,,,,,,
INVEST_INFLOW_BALANCE,0.0,0.0,0.0,0.0,0.0,0.0,0.0,0.0,0.0,0.0,0.0,0.0,0.0,0.0,0.0,0.0,,0.0,,0.0,0.0,0.0,0.0,0.0,0.0,0.0,0.0,0.0,0.0,0.0,0.0,0.0,0.0,0.0,0.0,0.0,0.0,0.0,0.0,0.0,0.0,0.0,0.0,0.0,0.0,0.0,0.0,0.0,0.0,0.0,0.0,0.0,0.0,0.0,0.0,,,,,,,,,,,,,,,,,,,,,,,,,,,,,,,,,,,,,
TOTAL_INVEST_INFLOW,26.37,62.74,0.33,77.2,21.3,21.34,21.28,0.11,0.04,0.05,0.03,0.19,0.0,0.06,0.0,3.22,,3.15,,0.07,0.04,0.07,0.01,0.11,0.01,0.08,0.0,0.21,0.17,0.18,0.13,0.06,0.04,0.06,0.02,1.06,0.4,0.95,0.15,1.25,1.09,1.09,0.89,7.59,5.45,6.44,4.08,3.55,1.61,2.01,0.11,2.16,0.71,0.78,0.11,0.75,0.73,0.75,0.19,0.27,0.27,0.27,,0.23,0.23,0.23,0.23,,,,,0.0,,,,,,,,,,,,,,,,,,,,
CONSTRUCT_LONG_ASSET,15.31,28.74,7.96,26.2,14.05,19.45,9.06,53.07,16.86,26.39,12.23,34.09,18.54,22.51,14.11,20.9,9.64,16.15,4.14,31.49,11.25,20.28,6.09,16.07,7.17,10.16,5.75,11.25,4.81,7.57,3.07,10.19,4.97,7.75,3.67,20.61,12.76,18.11,8.66,44.31,28.46,36.98,20.25,54.06,25.27,39.45,11.25,42.12,17.01,30.42,6.79,21.85,7.47,12.34,3.01,17.32,10.8,13.94,4.69,13.57,6.89,10.59,2.89,10.11,4.1,6.44,1.75,7.72,3.33,5.46,1.83,7.37,3.12,5.44,1.05,5.41,2.43,3.89,1.02,3.55,1.38,2.28,0.74,3.35,2.01,3.0,1.07,4.67,2.61,3.32,,0.34
INVEST_PAY_CASH,40.0,40.0,,148.18,12.0,85.0,10.0,2.1,,0.1,,21.5,20.0,20.0,,0.2,,,,,,,,,,,,,,,,,,,,0.25,0.25,0.25,,0.15,0.15,0.15,,,,,,,,,,,,,,0.5,0.5,0.5,,0.1,0.1,0.1,0.1,0.05,,,,0.17,0.17,0.17,0.17,0.41,,,,,,,,,,,,,,,,0.04,0.04,,,
PLEDGE_LOAN_ADD,,,,,,,,,,,,,,,,,,,,,,,,,,,,,,,,,,,,,,,,,,,,,,,,,,,,,,,,,,,,,,,,,,,,,,,,,,,,,,,,,,,,,,,,,,,,
OBTAIN_SUBSIDIARY_OTHER,,,,,,,,,,,,,,,,,,,,,,,,,,,,,,,,,,,,,,,,,,,,,,,,,,,,,,,,,,,,,,,,,,,,,,,,,,,,,,,,,,,,,,,,,,,,
ADD_PLEDGE_TIMEDEPOSITS,,,,,,,,,,,,,,,,,,,,,,,,,,,,,,,,,,,,,,,,,,,,,,,,,,,,,,,,,,,,,,,,,,,,,,,,,,,,,,,,,,,,,,,,,,,,
PAY_OTHER_INVEST,0.04,0.05,0.03,0.07,0.05,0.06,0.04,0.31,0.24,0.27,0.2,0.23,0.18,0.21,0.13,0.18,0.09,0.14,0.06,0.24,0.16,0.2,0.09,0.33,0.24,0.15,0.17,0.17,0.07,0.09,0.06,0.89,0.63,0.04,0.57,0.68,0.3,0.43,0.04,2.59,2.47,2.71,1.48,6.93,4.0,5.37,3.02,3.42,1.37,1.75,0.22,1.51,0.28,0.41,0.12,0.57,0.45,0.58,,,,,,,,,,,,,,,,,,,,,,,,,,,,,,,,,,
INVEST_OUTFLOW_OTHER,,,,,,,,,,,,,,,,,,,,,,,,,0.0,0.0,0.0,0.0,0.0,0.0,0.0,0.0,,,,,,,0.0,0.0,0.0,0.0,0.0,0.0,0.0,0.0,,0.0,,,,0.0,,,,,,,,,,,,,,,,,,,,,,,,,,,,,,,,,,,,,,,,
INVEST_OUTFLOW_BALANCE,0.0,0.0,0.0,0.0,0.0,0.0,0.0,0.0,0.0,0.0,0.0,0.0,0.0,0.0,0.0,0.0,0.0,0.0,0.0,0.0,0.0,0.0,0.0,0.0,0.0,0.0,0.0,0.0,0.0,0.0,0.0,0.0,0.0,0.0,0.0,0.0,0.0,0.0,0.0,0.0,0.0,0.0,0.0,0.0,0.0,0.0,0.0,0.0,0.0,0.0,0.0,0.0,0.0,0.0,0.0,,,,,,,,,,,,,,,,,,,,,0.0,0.0,0.0,0.0,0.0,0.0,0.0,,,0.0,0.0,0.0,0.0,0.0,0.0,,0.0
TOTAL_INVEST_OUTFLOW,55.35,68.79,7.99,174.45,26.1,104.5,19.1,55.48,17.1,26.76,12.43,55.82,38.72,42.72,14.24,21.27,9.73,16.29,4.2,31.73,11.4,20.48,6.19,16.4,7.41,10.32,5.92,11.42,4.88,7.66,3.14,11.08,5.6,7.79,4.24,21.55,13.3,18.78,8.69,47.05,31.08,39.84,21.73,60.99,29.27,44.81,14.27,45.54,18.38,32.17,7.01,23.36,7.75,12.75,3.12,18.38,11.74,15.02,4.69,13.67,6.99,10.69,2.99,10.16,4.1,6.44,1.75,7.89,3.5,5.63,2.0,7.78,3.12,5.44,1.05,5.41,2.43,3.89,1.02,3.55,1.38,2.28,0.74,3.35,2.01,3.0,1.07,4.71,2.65,3.32,,0.34
INVEST_NETCASH_OTHER,,,,,,,,,,,,,,,,,,,,,,,,,,,,,,,,,,,,,,,0.0,0.0,0.0,0.0,0.0,0.0,0.0,0.0,,,,,,,,,,,,,,,,,,,,,,,,,,,,,,,,,,,,,,,,,,,,,,
INVEST_NETCASH_BALANCE,0.0,0.0,0.0,0.0,0.0,0.0,0.0,0.0,0.0,0.0,0.0,0.0,0.0,0.0,0.0,0.0,0.0,0.0,0.0,0.0,0.0,0.0,0.0,0.0,0.0,0.0,0.0,0.0,0.0,0.0,0.0,0.0,0.0,0.0,0.0,0.0,0.0,0.0,0.0,0.0,0.0,0.0,0.0,0.0,0.0,0.0,0.0,0.0,0.0,0.0,0.0,0.0,0.0,0.0,0.0,,,,,,,,,,,,,,,,,,,,,0.0,0.0,0.0,0.0,0.0,0.0,0.0,,,0.0,0.0,0.0,0.0,0.0,0.0,-0.01,0.0
NETCASH_INVEST,-28.99,-6.05,-7.67,-97.24,-4.8,-83.16,2.18,-55.37,-17.05,-26.71,-12.4,-55.62,-38.72,-42.66,-14.24,-18.05,-9.73,-13.14,-4.2,-31.66,-11.36,-20.4,-6.18,-16.29,-7.4,-10.23,-5.92,-11.21,-4.71,-7.48,-3.0,-11.03,-5.56,-7.73,-4.21,-20.49,-12.91,-17.83,-8.54,-45.8,-29.99,-38.75,-20.85,-53.39,-23.82,-38.38,-10.19,-41.99,-16.77,-30.15,-6.9,-21.2,-7.04,-11.98,-3.01,-17.63,-11.01,-14.26,-4.5,-13.4,-6.72,-10.41,-2.99,-9.93,-3.87,-6.21,-1.52,-7.89,-3.5,-5.63,-2.0,-7.78,-3.12,-5.44,-1.05,-5.41,-2.43,-3.89,-1.02,-3.55,-1.38,-2.28,-0.74,-3.35,-2.01,-3.0,-1.07,-4.71,-2.65,-3.32,-0.01,-0.34
ACCEPT_INVEST_CASH,,,,,,,,,,,,,,,,,,,,8.33,8.33,8.33,,,,,,0.06,0.06,0.06,,0.16,,,,,,,,0.35,,0.06,,0.06,,,,3.92,,,,,,,,,,,,,,,,,,,,,,,,,,,,,,,,,,,,,,,,,,20.17,,
SUBSIDIARY_ACCEPT_INVEST,,,,,,,,,,,,,,,,,,,,8.33,8.33,8.33,,,,,,0.06,0.06,0.06,,0.16,,,,,,,,0.35,,0.06,,0.06,,,,3.92,,,,,,,,,,,,,,,,,,,,,,,,,,,,,,,,,,,,,,,,,,,,
RECEIVE_LOAN_CASH,,,,,,,,,,,,,,,,,,,,,,,,,,,,,,,,,,,,,,,,0.67,,,,,,,,,,,,,,,,,,,,,,,,,,,,,,,,,,,,,,,,,,,,,,,,,,,,1.29
ISSUE_BOND,,,,,,,,,,,,,,,,,,,,,,,,,,,,,,,,,,,,,,,,,,,,,,,,,,,,,,,,,,,,,,,,,,,,,,,,,,,,,,,,,,,,,,,,,,,,
RECEIVE_OTHER_FINANCE,,,,,,,,,,,,,,,,,,,,,,,,,,,,,,,,,,,,0.22,0.22,0.22,0.22,,,,,0.0,0.0,0.0,0.0,0.0,0.0,0.0,0.0,0.0,0.0,0.0,0.0,0.0,0.0,0.0,0.0,0.0,0.0,0.0,0.0,0.01,0.01,0.01,0.01,0.02,0.0,0.0,0.0,0.04,0.0,0.04,0.01,0.33,,,,,,,,0.0,,,,,,,,
FINANCE_INFLOW_OTHER,,,,,,,,,,,,,,,,,,,,,,,,,,,,,,,,,,,,,,,0.0,0.0,0.0,0.0,0.0,0.0,0.0,0.0,,,,,,,,,,,,,,,,,,,,,,,,,,,,,,,,,,,,,,,,,,,,,,
FINANCE_INFLOW_BALANCE,,,,,,,,,,,,,,,,,,,,0.0,0.0,0.0,,,,,,0.0,0.0,0.0,,0.0,,,,0.0,0.0,0.0,0.0,0.0,0.0,0.0,0.0,0.0,0.0,0.0,0.0,0.0,0.0,0.0,0.0,0.0,0.0,0.0,0.0,,,,,,,,,,,,,,,,,,,,,0.0,,,,,,,,,,,,,,0.0,,0.01
TOTAL_FINANCE_INFLOW,,,,,,,,,,,,,,,,,,,,8.33,8.33,8.33,,,,,,0.06,0.06,0.06,,0.16,,,,0.22,0.22,0.22,0.22,1.02,0.0,0.06,0.0,0.06,0.0,0.0,0.0,3.92,0.0,0.0,0.0,0.0,0.0,0.0,0.0,0.0,0.0,0.0,0.0,0.0,0.0,0.0,0.0,0.01,0.01,0.01,0.01,0.02,0.0,0.0,0.0,0.04,0.0,0.04,0.01,0.33,,,,,,,,0.0,,,,,,20.17,,1.29
PAY_DEBT_CASH,,,,,,,,,,,,,,,,,,,,,,,,,,,,,,,,,,,,0.56,0.56,0.56,0.56,,,,,,,,,,,,,,,,,,,,,,,,,,,,,,,,,,,,,,,,,,,,,,,,,,,1.29,,1.74
ASSIGN_DIVIDEND_PORFIT,387.86,389.42,,587.55,325.49,346.61,,573.7,282.93,298.23,,264.76,263.6,264.76,,240.91,237.34,238.78,4.51,201.17,198.65,201.21,,164.41,138.55,164.35,,89.05,3.7,88.99,,83.51,32.83,82.84,5.09,55.54,0.01,55.54,0.01,51.22,51.05,51.05,,73.92,67.9,73.44,0.98,43.07,0.55,41.11,0.53,26.62,2.2,24.3,,12.93,1.39,12.55,1.37,12.35,1.74,12.35,0.02,8.85,7.66,7.69,,7.07,0.01,7.07,-0.0,7.6,7.56,7.58,0.35,1.92,0.27,1.76,0.14,0.62,-0.09,0.65,-0.06,0.47,0.09,0.51,-0.02,1.39,-0.02,1.03,,1.02
SUBSIDIARY_PAY_DIVIDEND,,1.56,,22.05,,21.12,,26.19,23.76,25.95,,22.4,21.24,22.4,,27.04,23.47,24.92,4.51,18.54,17.97,17.97,,26.24,0.38,26.18,,3.79,3.7,3.73,,5.32,5.09,5.32,5.09,5.13,,5.13,,5.8,,,,6.32,,,,2.0,,,,,,,,,,,1.37,,,,,,,,,,,,,,0.43,,,,,,,,,,,,,,,,,,,
BUY_SUBSIDIARY_EQUITY,,,,,,,,,,,,,,,,,,,,,,,,,,,,,,,,,,,,,,,,,,,,,,,,,,,,,,,,,,,,,,,,,,,,,,,,,,,,,,,,,,,,,,,,,,,,
PAY_OTHER_FINANCE,0.29,0.47,0.12,1.34,0.48,0.63,0.23,0.54,0.25,0.42,0.04,0.88,0.48,0.52,0.42,0.37,,,,,,,,,,,,,,,,,,,,,,,,0.22,,,,,,,,,,,,,,,,,,,,,,,,,,,,,0.0,,,,,,,,,,,,,,,,,,,,,,,
SUBSIDIARY_REDUCE_CASH,,,,,,,,,,,,,,,,,,,,,,,,,,,,,,,,,,,,,,,0.0,0.0,0.0,0.0,0.0,0.0,0.0,0.0,,,,,,,,,,,,,,,,,,,,,,,,,,,,,,,,,,,,,,,,,,,,,,
FINANCE_OUTFLOW_OTHER,,,,,,,,,,,,,,,,,,,,,,,,,0.0,0.0,0.0,0.0,0.0,0.0,0.0,0.0,,,,,,,0.0,0.0,0.0,0.0,0.0,0.0,0.0,0.0,,0.0,,,,0.0,,,,,,,,,,,,,,,,,,,,,,,,,,,,,,,,,,,,,,,,
FINANCE_OUTFLOW_BALANCE,0.0,0.0,0.0,0.0,0.0,0.0,0.0,0.0,0.0,0.0,0.0,0.0,0.0,0.0,0.0,0.0,0.0,0.0,0.0,0.0,0.0,0.0,,0.0,0.0,0.0,,0.0,0.0,0.0,,0.0,0.0,0.0,0.0,0.0,0.0,0.0,0.0,0.0,0.0,0.0,0.0,0.0,0.0,0.0,0.0,0.0,0.0,0.0,0.0,0.0,0.0,0.0,,,,,,,,,,,,,,,,,,,,,,0.0,0.0,0.0,0.0,0.0,0.0,0.0,,,0.0,0.0,0.0,0.0,0.0,0.0,,0.0
TOTAL_FINANCE_OUTFLOW,388.16,389.89,0.12,588.89,325.97,347.25,0.23,574.25,283.19,298.65,0.04,265.64,264.08,265.28,0.42,241.28,237.34,238.78,4.51,201.17,198.65,201.21,,164.41,138.55,164.35,,89.05,3.7,88.99,,83.51,32.83,82.84,5.09,56.1,0.57,56.1,0.57,51.44,51.05,51.05,0.0,73.92,67.9,73.44,0.98,43.07,0.55,41.11,0.53,26.62,2.2,24.3,,12.93,1.39,12.55,1.37,12.35,1.74,12.35,0.02,8.85,7.66,7.69,,7.07,0.01,7.07,-0.0,7.6,7.56,7.58,0.35,1.92,0.27,1.76,0.14,0.62,-0.09,0.65,-0.06,0.47,0.09,0.51,-0.02,1.39,-0.02,2.32,,2.76
FINANCE_NETCASH_OTHER,,,,,,,,,,,,,,,,,,,,,,,,,,,,,,,,,,,,,,,0.0,0.0,0.0,0.0,0.0,0.0,0.0,0.0,,,,,,,,,,,,,,,,,,,,,,,,,,,,,,,,,,,,,,,,,,,,,,
FINANCE_NETCASH_BALANCE,0.0,0.0,0.0,0.0,0.0,0.0,0.0,0.0,0.0,0.0,0.0,0.0,0.0,0.0,0.0,0.0,0.0,0.0,0.0,0.0,0.0,0.0,,0.0,0.0,0.0,,0.0,0.0,0.0,,0.0,0.0,0.0,0.0,0.0,0.0,0.0,0.0,0.0,0.0,0.0,0.0,0.0,0.0,0.0,0.0,0.0,0.0,0.0,0.0,0.0,0.0,0.0,0.0,,,,,,,,,,,,,,,,,,,,,0.0,0.0,0.0,0.0,0.0,0.0,0.0,,,0.0,0.0,0.0,0.0,0.0,0.0,-0.37,0.0
NETCASH_FINANCE,-388.16,-389.89,-0.12,-588.89,-325.97,-347.25,-0.23,-574.25,-283.19,-298.65,-0.04,-265.64,-264.08,-265.28,-0.42,-241.28,-237.34,-238.78,-4.51,-192.84,-190.32,-192.88,,-164.41,-138.55,-164.35,,-88.99,-3.64,-88.93,,-83.35,-32.83,-82.84,-5.09,-55.88,-0.35,-55.88,-0.35,-50.41,-51.05,-50.99,0.0,-73.86,-67.9,-73.44,-0.98,-39.15,-0.55,-41.11,-0.53,-26.62,-2.2,-24.29,0.0,-12.93,-1.39,-12.54,-1.37,-12.35,-1.74,-12.35,-0.02,-8.84,-7.66,-7.69,0.01,-7.05,-0.01,-7.07,0.0,-7.56,-7.56,-7.54,-0.34,-1.59,-0.27,-1.76,-0.14,-0.62,0.09,-0.65,0.06,-0.47,-0.09,-0.51,0.02,-1.39,0.02,17.85,-0.37,-1.47
RATE_CHANGE_EFFECT,-0.01,-0.0,-0.01,0.02,0.02,0.01,0.0,0.01,-0.01,-0.01,-0.0,-0.02,-0.01,-0.01,-0.01,0.0,0.0,0.0,-0.0,0.0,-0.0,-0.0,-0.0,0.0,-0.0,0.0,-0.0,0.0,0.0,0.0,0.0,0.0,0.0,0.0,0.0,-0.16,-0.16,-0.16,-0.16,-0.05,,,,,,,,,,,,,,,,,,,,,,,,,,,,,,,,,,,,,,,,,,,,,,,,,,,,
CCE_ADD_OTHER,,,,,,,,,,,,,,,,,,,,,,,,,,,,,,,,,,,,,,,0.0,0.0,0.0,0.0,0.0,0.0,0.0,0.0,,,,,,,,,,,,,,,,,,,,,,,,,,,,,,,,,,,,,,,,,,,,,,
CCE_ADD_BALANCE,0.0,0.0,0.0,0.0,0.0,0.0,0.0,0.0,0.0,0.0,0.0,0.0,0.0,0.0,0.0,0.0,0.0,0.0,0.0,0.0,0.0,0.0,0.0,0.0,0.0,0.0,0.0,0.0,0.0,0.0,0.0,0.0,0.0,0.0,0.0,0.0,0.0,0.0,0.0,0.0,0.0,0.0,0.0,0.0,0.0,0.0,0.0,0.0,0.0,0.0,0.0,0.0,0.0,0.0,0.0,,,,,,,,,,,,,,,,,,,,,0.0,0.0,0.0,0.0,0.0,0.0,0.0,,,0.0,0.0,0.0,0.0,0.0,0.0,0.0,0.0
CCE_ADD,-50.93,48.27,84.08,-20.19,-26.89,69.61,54.4,-262.62,-300.36,-231.31,-81.2,319.0,-85.61,59.57,-29.51,257.37,-120.86,-0.81,14.32,227.61,39.18,59.87,5.71,233.15,31.4,107.63,43.44,121.33,61.01,131.46,58.09,280.14,97.65,234.78,65.06,97.83,35.6,40.37,12.06,30.05,-38.15,-12.95,-19.11,-0.7,-39.57,-19.37,-3.27,38.07,27.27,4.35,5.97,53.66,44.03,54.0,31.1,31.45,5.26,12.84,2.37,16.49,-2.98,-1.98,-4.31,33.71,3.43,16.79,8.42,2.48,3.36,2.79,1.81,5.78,-4.72,1.93,0.86,9.94,1.67,3.19,1.27,5.58,-1.67,0.79,-2.49,5.6,-2.44,0.88,-0.95,-1.76,-4.43,14.95,-1.25,2.63
BEGIN_CCE,1503.6,1503.6,1503.6,1523.79,1523.79,1523.79,1523.79,1786.41,1786.41,1786.41,1786.41,1467.41,1467.41,1467.41,1467.41,1210.04,1210.04,1210.04,1210.04,982.43,982.43,982.43,982.43,749.28,749.28,749.28,749.28,627.95,627.95,627.95,627.95,347.8,347.8,347.8,347.8,249.97,249.97,249.97,249.97,219.92,219.92,219.92,219.92,220.62,220.62,220.62,220.62,182.55,182.55,182.55,182.55,128.88,128.88,128.88,128.88,97.43,97.43,97.43,97.43,80.94,80.94,80.94,80.94,47.23,47.23,47.23,47.23,44.74,44.74,44.74,44.74,38.96,38.98,39.0,9.97,,,,,,,,,,,,,,,,,
END_CCE_OTHER,,,,,,,,,,,,,,,,,,,,,,,,,,,,,,,,,,,,,,,,,,,,,,,,,,,,,,,,,,,,,,,,,,,,,,,,,,,,,,,,,,,,,,,,,,,,
END_CCE_BALANCE,0.0,0.0,0.0,0.0,0.0,0.0,0.0,0.0,0.0,0.0,0.0,0.0,0.0,0.0,0.0,0.0,0.0,0.0,0.0,0.0,0.0,0.0,0.0,0.0,0.0,0.0,0.0,0.0,0.0,0.0,0.0,0.0,0.0,0.0,0.0,0.0,0.0,0.0,0.0,0.0,0.0,0.0,0.0,0.0,0.0,0.0,0.0,0.0,0.0,0.0,0.0,0.0,0.0,0.0,0.0,,,,,,,,,,,,,,,,,,,,,,,,,,,,,,,,,,,,,
END_CCE,1452.67,1551.87,1587.69,1503.6,1496.9,1593.4,1578.19,1523.79,1486.05,1555.09,1705.2,1786.41,1381.8,1526.97,1437.9,1467.41,1089.18,1209.23,1224.35,1210.04,1021.62,1042.3,988.14,982.43,780.68,856.91,792.72,749.28,688.96,759.41,686.03,627.95,445.46,582.58,412.87,347.8,285.57,290.34,262.04,249.97,181.76,206.97,200.81,219.92,181.05,201.25,217.35,220.62,209.82,186.9,188.51,182.55,172.92,182.88,159.98,128.88,102.69,110.27,99.8,97.43,77.96,78.95,76.62,80.94,50.66,64.02,55.64,47.23,48.1,47.53,46.55,44.74,34.26,40.93,10.84,,,,,,,,,,,,,,,,,
NETPROFIT,431.77,,,775.21,373.32,,,653.76,311.05,,,557.21,262.07,,,495.23,239.28,,,439.7,211.97,,,378.3,169.21,,,290.06,120.44,,,179.31,93.77,,,164.55,83.65,,,162.69,76.65,,,159.65,76.21,,,140.08,73.49,,,92.5,51.66,,,53.4,32.75,,,45.53,29.29,,,40.01,23.52,,,29.66,8.94,,,16.16,6.03,,,11.69,5.03,7.35,3.84,8.54,3.64,5.38,2.71,6.09,2.53,3.54,2.18,3.77,2.38,3.28,,2.51
ASSET_IMPAIRMENT,,,,,,,,,,,,,,,,,,,,0.05,0.12,,,0.01,0.01,,,-0.08,-0.03,,,0.12,0.06,,,-0.01,0.0,,,0.0,0.0,,,-0.02,-0.02,,,0.03,0.01,,,-0.03,-0.02,,,-0.03,0.03,,,-0.0,0.0,,,0.0,-0.01,,,-0.01,0.01,,,0.01,,,,-0.01,,,,0.01,,,,0.02,,,,0.06,,0.07,,
FA_IR_DEPR,8.49,,,16.51,8.21,,,14.44,7.06,,,13.45,6.45,,,11.96,5.92,,,11.5,5.77,,,10.85,5.44,,,10.35,5.16,,,8.43,4.18,,,7.61,3.73,,,6.75,3.21,,,5.2,2.54,,,4.15,2.01,,,3.31,1.59,,,2.68,1.22,,,1.87,0.89,,,1.47,0.7,,,1.04,0.5,,,0.85,0.41,,,0.65,0.32,0.14,0.16,0.55,0.27,0.41,0.13,0.58,0.36,0.48,0.24,0.2,0.09,0.12,,0.1
OILGAS_BIOLOGY_DEPR,8.49,,,16.51,8.21,,,14.44,7.06,,,13.45,6.45,,,11.96,5.92,,,11.5,5.77,,,10.85,5.44,,,10.35,5.16,,,8.43,4.18,,,7.61,3.73,,,6.75,3.21,,,5.2,2.54,,,4.15,2.01,,,3.31,1.59,,,2.68,1.22,,,1.87,0.89,,,1.47,0.7,,,1.04,0.5,,,0.85,0.41,,,0.65,0.32,0.14,0.16,0.55,0.27,0.41,0.13,0.58,0.36,0.48,0.24,0.2,0.09,0.12,,0.1
IR_DEPR,,,,,,,,,,,,,,,,,,,,,,,,,,,,,,,,,,,,,,,,,,,,,,,,,,,,,,,,,,,,,,,,,,,,,,,,,,,,,,,,,,,,,,,,,,,,
IA_AMORTIZE,1.09,,,1.97,0.93,,,1.56,0.76,,,1.24,0.6,,,1.1,0.54,,,0.83,0.4,,,0.8,0.4,,,0.81,0.4,,,0.8,0.4,,,0.8,0.4,,,0.78,0.38,,,0.32,0.11,,,0.16,0.07,,,0.12,0.06,,,0.15,0.06,,,0.12,0.06,,,0.07,0.03,,,0.08,0.03,,,0.03,0.0,,,0.02,0.0,0.0,0.0,0.0,0.0,0.0,0.0,0.0,0.0,0.0,0.0,0.0,0.0,0.01,,0.03
LPE_AMORTIZE,0.09,,,0.17,0.07,,,0.11,0.05,,,0.11,0.05,,,0.11,0.05,,,0.1,0.05,,,0.1,0.05,,,0.1,0.05,,,0.11,0.06,,,0.07,0.02,,,0.04,0.02,,,0.04,0.02,,,0.04,0.02,,,0.05,0.01,,,0.03,0.03,,,0.09,0.05,,,0.11,0.06,,,0.66,0.05,,,0.09,0.04,,,0.12,0.05,0.02,0.01,0.11,0.02,0.03,0.02,0.05,0.02,0.02,0.01,-0.06,0.01,0.02,,
DEFER_INCOME_AMORTIZE,,,,,,,,,,,,,,,,,,,,,,,,,,,,,,,,,,,,,,,,,,,,,,,,,,,,,,,,,,,,,,,,,,,,,,,,,,,,,,,,,,,,,,,,,,,,
PREPAID_EXPENSE_REDUCE,,,,,,,,,,,,,,,,,,,,,,,,,,,,,,,,,,,,,,,,,,,,,,,,,,,,,,,,,,,,,,,,,,,,,,,,,,,,,-0.03,-0.07,-0.04,0.01,-0.02,-0.01,-0.03,-0.01,0.1,-0.05,-0.13,0.23,0.17,-0.04,,
ACCRUED_EXPENSE_ADD,,,,,,,,,,,,,,,,,,,,,,,,,,,,,,,,,,,,,,,,,,,,,,,,,,,,,,,,,,,,,,,,,,,,,,,,,,,,-0.06,0.33,0.46,0.56,0.02,0.48,1.0,0.45,0.02,0.24,0.72,0.2,0.03,0.3,,,
DISPOSAL_LONGASSET_LOSS,-0.0,,,0.0,0.03,,,-0.0,-0.0,,,,,,,,,,,0.0,,,,,,,,,,,,,,,,,,,,,,,,,,,,,,,,,,,,,,,,,,,,,,,,0.01,-0.0,,,,0.0,,,,,,,,,,,,,,,,,,,
FA_SCRAP_LOSS,0.0,,,-0.02,0.06,,,0.21,0.0,,,0.12,0.0,,,0.0,0.0,,,0.0,0.0,,,0.02,0.0,,,0.03,0.0,,,0.02,-0.0,,,-0.0,0.0,,,0.85,0.06,,,0.09,0.0,,,0.0,0.0,,,-0.01,-0.01,,,0.01,0.01,,,0.0,0.0,,,0.03,0.03,,,0.03,0.0,,,0.0,,,,,,,,0.0,,0.01,,,0.0,0.0,0.0,,,0.01,,0.0
FAIRVALUE_CHANGE_LOSS,-0.36,,,-0.03,0.0,,,,,,,0.02,0.02,,,-0.05,-0.07,,,0.14,-0.06,,,,,,,,,,,,,,,,,,,,,,,,,,,,,,,,,,,,,,,,,,,,,,,,,,,,,,,,,,,,,,,,,,,,,,,
FINANCE_EXPENSE,0.06,,,0.13,0.06,,,0.12,0.05,,,0.14,0.13,,,,,,,,,,,,,,,,,,,,,,,,,,,,,,,-0.0,-0.0,,,-0.0,-0.0,,,-0.0,-0.0,,,-0.0,-0.0,,,-0.0,-0.01,,,-0.01,-0.01,,,-0.02,0.02,,,-0.05,0.0,,,-0.32,-0.08,-0.14,-0.04,-0.25,-0.1,-0.22,-0.07,-0.16,-0.04,-0.12,-0.02,-0.17,-0.12,-0.06,,0.08
INVEST_LOSS,-0.02,,,-0.34,-0.04,,,-0.64,-0.32,,,-0.58,-0.28,,,-0.0,,,,,,,,,,,,,,,,,,,,-0.04,-0.03,,,-0.03,-0.03,,,-0.03,-0.03,,,-0.03,-0.03,,,-0.03,-0.03,,,-0.0,-0.0,,,-0.01,-0.01,,,-0.01,-0.01,,,-0.02,-0.01,,,-0.02,,,,-0.0,-0.0,-0.0,0.0,-0.0,,,,,,,,,,,,
DEFER_TAX,-3.29,,,-11.35,-5.79,,,-12.23,-8.97,,,-11.15,-1.12,,,-0.95,0.63,,,-0.54,-0.05,,,3.53,1.86,,,3.44,-0.9,,,-5.9,2.6,,,-3.34,2.73,,,0.04,-1.35,,,-1.82,3.41,,,-1.41,1.21,0.0,0.0,-2.24,-0.06,0.0,0.0,-0.53,0.59,0.0,0.0,-0.49,0.83,0.0,0.0,-1.24,0.04,0.0,0.0,1.17,0.15,,,-0.44,0.18,,,0.0,0.0,0.0,0.0,0.0,0.0,0.0,0.0,0.0,0.0,0.0,0.0,0.0,0.0,0.0,0.0,0.0
DT_ASSET_REDUCE,-3.28,,,-10.51,-5.0,,,-12.11,-8.97,,,-11.14,-1.12,,,-0.23,0.62,,,-0.51,-0.07,,,3.53,1.86,,,3.44,-0.9,,,-5.9,2.6,,,-3.34,2.73,,,0.04,-1.35,,,-1.82,3.41,,,-1.41,1.21,,,-2.24,-0.06,,,-0.53,0.59,,,-0.49,0.83,,,-1.24,0.04,,,1.17,0.15,,,-0.44,0.18,,,,,,,,,,,,,,,,,,,
DT_LIAB_ADD,-0.01,,,-0.84,-0.79,,,-0.12,,,,-0.01,-0.01,,,-0.71,0.02,,,-0.04,0.01,,,,,,,,,,,,,,,,,,,,,,,,,,,,,,,,,,,,,,,,,,,,,,,,,,,,,,,,,,,,,,,,,,,,,,,
PREDICT_LIAB_ADD,,,,,,,,,,,,,,,,,,,,,,,,,,,,,,,,,,,,,,,,,,,,,,,,,,,,,,,,,,,,,,,,,,,,,,,,,,,,,,,,,,,,,,,,,,,,
INVENTORY_REDUCE,-13.31,,,-76.11,-20.44,,,-54.3,-15.12,,,-45.25,-17.86,,,-35.84,-10.1,,,-17.78,-5.07,,,-14.49,-0.3,,,-14.35,-2.28,,,-26.09,-4.32,,,-30.31,-13.02,,,-31.46,-14.04,,,-21.71,-6.73,,,-24.79,-5.87,,,-16.13,-3.41,,,-13.82,-3.03,,,-10.78,-1.42,,,-8.1,-1.39,,,-3.24,-1.39,,,-1.15,0.41,,,-1.67,0.26,0.1,0.53,-4.79,-1.04,-3.01,-0.64,-1.38,-1.12,-1.26,0.47,-2.9,-2.23,-2.75,,-0.89
OPERATE_RECE_REDUCE,-79.39,,,-34.65,124.39,,,-150.52,-114.02,,,5.04,-24.49,,,-5.04,-1.04,,,34.25,-2.82,,,5.26,3.47,,,-4.59,-8.67,,,76.7,20.09,,,-67.05,-21.34,,,-15.18,0.11,,,-0.63,0.82,,,-0.65,-1.96,,,-1.49,-0.08,,,2.32,2.16,,,-6.72,-1.34,,,-0.95,0.03,,,0.72,-0.29,,,-0.54,0.12,,,-0.86,-0.3,-0.83,-0.37,-0.56,-0.37,-0.93,0.06,-0.66,0.81,-0.55,0.16,-0.81,-1.36,-0.58,,2.86
OPERATE_PAYABLE_ADD,20.57,,,-5.92,-176.78,,,-86.45,-181.03,,,118.81,-8.66,,,49.45,-109.77,,,-16.15,30.57,,,29.48,-2.8,,,-64.24,-44.82,,,141.02,19.2,,,102.07,-7.13,,,1.84,-22.12,,,-14.54,-24.18,,,1.63,-24.35,,,25.43,3.57,,,17.83,-16.14,,,12.63,-22.87,,,21.09,-8.04,,,-12.65,-1.14,,,6.19,-1.25,,,7.4,-1.2,1.81,-2.23,6.11,-3.27,1.09,-4.44,4.86,-3.32,1.46,-3.08,3.83,-1.11,0.21,,-0.9
OTHER,,,,,,,,,,,,,,,,,,,,,,,,,,,,,,,,,,,,,,,,,,,,,,,,,,,,,,,,,,,,,,,,,,,,,,,,,,,,,,,,,,,,,0.1,0.15,0.08,0.16,0.08,0.14,,0.65
OPERATE_NETCASH_OTHERNOTE,,,,,,,,,,,,,,,,,,,,,,,,,0.0,,,0.0,0.0,,,0.0,,,,,,,,0.0,0.0,,,0.0,0.0,,,0.0,,,,0.0,,,,,,,,,,,,,,,,,,,,,,,,,,,,,,,,,,,,,,,,
OPERATE_NETCASH_BALANCENOTE,0.0,,,0.0,0.0,,,0.0,0.0,,,0.0,0.0,,,0.0,0.0,,,0.0,0.0,,,0.0,0.0,,,0.0,0.0,,,0.0,0.0,,,0.0,0.0,,,0.0,0.0,,,0.0,0.0,,,0.0,0.0,,,0.0,,,,,,,,,,,,,,,,,,,,,,,,0.0,0.0,0.0,0.0,0.0,0.0,0.0,0.0,0.0,0.0,-0.0,0.0,0.0,-0.02,0.0,-0.86,-0.02
NETCASH_OPERATENOTE,366.22,,,665.93,303.87,,,366.99,-0.11,,,640.29,217.19,,,516.69,126.21,,,452.11,240.87,,,413.85,177.35,,,221.53,69.35,,,374.51,136.04,,,174.36,49.02,,,126.33,42.89,,,126.55,52.15,,,119.21,44.6,75.62,13.4,101.49,53.28,90.27,34.11,62.01,17.66,39.64,8.25,42.24,5.48,20.78,-1.31,52.47,14.96,30.69,9.93,17.43,6.86,,,21.13,5.95,,,16.94,4.37,8.84,2.42,9.76,-0.38,3.73,-1.81,9.42,-0.34,4.39,0.09,4.35,-1.8,0.42,-0.86,4.43
DEBT_TRANSFER_CAPITAL,,,,,,,,,,,,,,,,,,,,,,,,,,,,,,,,,,,,,,,,,,,,,,,,,,,,,,,,,,,,,,,,,,,,,,,,,,,,,,,,,,,,,,,,,,,,
CONVERT_BOND_1YEAR,,,,,,,,,,,,,,,,,,,,,,,,,,,,,,,,,,,,,,,,,,,,,,,,,,,,,,,,,,,,,,,,,,,,,,,,,,,,,,,,,,,,,,,,,,,,
FINLEASE_OBTAIN_FA,,,,,,,,,,,,,,,,,,,,,,,,,,,,,,,,,,,,,,,,,,,,,,,,,,,,,,,,,,,,,,,,,,,,,,,,,,,,,,,,,,,,,,,,,,,,
UNINVOLVE_INVESTFIN_OTHER,,,,,,,,,,,,,,,,,,,,,,,,,,,,,,,,,,,,,,,,0.0,0.0,,,0.0,0.0,,,,,,,,,,,,,,,,,,,,,,,,,,,,,,,,,,,,,,,,,,,,,,,
END_CASH,1382.67,,,1473.6,1442.2,,,1523.79,1486.05,,,1786.41,1381.8,,,1467.41,1089.18,,,1210.04,1021.62,,,982.43,780.68,,,749.28,688.96,,,627.95,445.46,,,347.8,285.57,,,249.97,181.76,,,219.92,181.05,,,220.62,209.82,,,182.55,172.92,,,128.88,102.69,,,97.43,77.96,,,80.94,50.66,,,47.23,48.1,,,44.74,34.26,,,38.92,30.65,32.17,30.25,28.98,21.73,24.19,20.91,23.4,15.36,18.69,16.85,17.8,15.14,19.56,,4.61
BEGIN_CASH,1473.6,,,1523.79,1523.79,,,1786.41,1786.41,,,1467.41,1467.41,,,1210.04,1210.04,,,982.43,982.43,,,749.28,749.28,,,627.95,627.95,,,347.8,347.8,,,249.97,249.97,,,219.92,219.92,,,220.62,220.62,,,182.55,182.55,,,128.88,128.88,,,97.43,97.43,,,80.94,80.94,,,47.23,47.23,,,44.74,44.74,,,38.96,38.98,,,28.98,28.98,28.98,28.98,23.4,23.4,23.4,23.4,17.8,17.8,17.8,17.8,19.56,19.56,4.61,,1.98
END_CASH_EQUIVALENTS,70.0,,,30.0,54.71,,,,,,,,,,,,,,,,,,,,,,,,,,,,,,,,,,,,,,,,,,,,,,,,,,,,,,,,,,,,,,,,,,,,,,,,,,,,,,,,,,,,,,,
BEGIN_CASH_EQUIVALENTS,30.0,,,,,,,,,,,,,,,,,,,,,,,,,,,,,,,,,,,,,,,,,,,,,,,,,,,,,,,,,,,,,,,,,,,,,,,,,,,,,,,,,,,,,,,,,,,
CCE_ADD_OTHERNOTE,,,,,,,,,,,,,,,,,,,,,,,,,,,,,,,,,,,,,,,,,,,,,,,,,,,,,,,,,,,,,,,,,,,,,,,,,,,,,,,,,,,,,,,,,,,,
CCE_ADD_BALANCENOTE,,,,,,,,,,,,,,,,,,,,,,,,,,,,,,,,,,,,,,,,,,,,,,,,,,,,,,,,,,,,,,,,,,,,,,,,,,,,0.0,0.0,0.0,0.0,0.0,0.0,0.0,0.0,0.0,0.0,0.0,0.0,0.0,0.0,0.0,-1.25,0.0
CCE_ADDNOTE,-50.93,,,-20.19,-26.89,,,-262.62,-300.36,,,319.0,-85.61,,,257.37,-120.86,,,227.61,39.18,,,233.15,31.4,,,121.33,61.01,,,280.14,97.65,,,97.83,35.6,,,30.05,-38.15,,,-0.7,-39.57,,,38.07,27.27,4.35,5.97,53.66,44.03,54.0,31.1,31.45,5.26,12.84,2.37,16.49,-2.98,-1.98,-4.31,33.71,3.43,16.79,8.42,2.48,3.36,,,5.78,-4.72,,,9.94,1.67,3.19,1.27,5.58,-1.67,0.79,-2.49,5.6,-2.44,0.88,-0.95,-1.76,-4.43,14.95,-1.25,2.63
MINORITY_INTEREST,,,,,,,,,,,,,,,,,,,,,,,,,,,,,,,,,,,,,,,,,,,,,,,,,3.53,,,4.87,2.59,,,2.89,1.75,,,2.4,1.39,,,2.01,1.12,,,1.35,0.44,,,0.72,0.29,,,0.51,0.22,0.32,0.15,0.34,0.15,0.23,0.1,0.22,,,,,,,,
